{
  "id_fabric": 113,
  "nome": "Banco Digital",
  "agencia": 99,
  "saldo_banco": 2836.93559588012,
  "saldo_corrente": 20650.96160101799
}