{
  "id_fabric": 105,
  "nome": "Banco Digital",
  "agencia": 99,
  "saldo_banco": 92102.8845036809,
  "saldo_corrente": 30665.268126145438
}