{
  "id_fabric": 105,
  "nome": "Banco Digital",
  "agencia": 99,
  "saldo_banco": 57985.23153172157,
  "saldo_corrente": 58685.27398396036
}